{
	"info": {
		"_postman_id": "2bfa3845-6ca9-44de-a849-79154641de1a",
		"name": "WS Model & Deployment",
		"description": "Collection for Oracle Machine Learning Model Management and Deployment:\n* Manage and Deploy OAA Models\n* Manage and Deploy ONNX Models\n* Manage and Deploy Cognitive Text Models\n",
		"schema": "https://schema.getpostman.com/json/collection/v2.1.0/collection.json"
	},
	"item": [
		{
			"name": "List All Models",
			"event": [
				{
					"listen": "test",
					"script": {
						"exec": [
							"var template = `",
							"<style type=\"text/css\">",
							".tftable {font-size:14px;color:#333333;width:100%;border-width: 1px;border-color: #87ceeb;border-collapse: collapse;}",
							".tftable th {font-size:18px;background-color:#87ceeb;border-width: 1px;padding: 8px;border-style: solid;border-color: #87ceeb;text-align:left;}",
							".tftable tr {background-color:#ffffff;}",
							".tftable td {font-size:14px;border-width: 1px;padding: 8px;border-style: solid;border-color: #87ceeb;}",
							".tftable tr:hover {background-color:#e0ffff;}",
							"</style>",
							"<table class=\"tftable\" border=\"1\">",
							"<tr>",
							"<th>version</th>",
							"<th>modelType</th>",
							"<th>createdBy</th>",
							"<th>modelId</th>",
							"<th>modelName</th>",
							"<th>namespace</th>",
							"<th>shared</th>",
							"<th>storedOn</th>",
							"<th>links.rel</th>",
							"<th>links.href</th>",
							"</tr>",
							"{{#each response.items}}",
							"<tr id=row_{{@key}} onClick=\"handleClick(this.id)\">",
							"<td id={{@key}}>{{version}}</td>",
							"<td>{{modelType}}</td>",
							"<td>{{createdBy}}</td>",
							"<td>{{modelId}}</td>",
							"<td>{{modelName}}</td>",
							"<td>{{namespace}}</td>",
							"<td>{{shared}}</td>",
							"<td>{{storedOn}}</td>",
							"{{#each links}}",
							"<td>{{rel}}</td>",
							"<td>{{href}}</td>",
							"{{/each}}",
							"</tr>",
							"{{/each}}",
							"</table>",
							"`;",
							"",
							"pm.visualizer.set(template, {",
							"response: pm.response.json()",
							"});"
						],
						"type": "text/javascript"
					}
				}
			],
			"request": {
				"auth": {
					"type": "bearer",
					"bearer": [
						{
							"key": "token",
							"value": "{{Token}}",
							"type": "string"
						}
					]
				},
				"method": "GET",
				"header": [],
				"url": {
					"raw": "{{omlserver}}/omlmod/v1/models",
					"host": [
						"{{omlserver}}"
					],
					"path": [
						"omlmod",
						"v1",
						"models"
					]
				},
				"description": "List all the models currently managed by this OML Mod Service"
			},
			"response": []
		},
		{
			"name": "Get Model deployment details",
			"event": [
				{
					"listen": "test",
					"script": {
						"exec": [
							"var template = `",
							"    <style type=\"text/css\">",
							"        .tftable {font-size:14px;color:#333333;width:100%;border-width: 1px;border-color: #87ceeb;border-collapse: collapse;}",
							"        .tftable th {font-size:18px;background-color:#87ceeb;border-width: 1px;padding: 8px;border-style: solid;border-color: #87ceeb;text-align:left;}",
							"        .tftable tr {background-color:#ffffff;}",
							"        .tftable td {font-size:14px;border-width: 1px;padding: 8px;border-style: solid;border-color: #87ceeb;}",
							"        .tftable tr:hover {background-color:#e0ffff;}",
							"    </style>",
							"    ",
							"    <table class=\"tftable\" border=\"1\">",
							"        <tr>",
							"            <th>version</th>",
							"            <th>modelType</th>",
							"            <th>createdBy</th>",
							"            <th>modelId</th>",
							"            <th>modelName</th>",
							"            <th>namespace</th>",
							"            <th>miningFunction</th>",
							"            <th>algorithm</th>",
							"            <th>links.rel</th>",
							"            <th>links.href</th>",
							"            <th>shared</th>",
							"            <th>uri</th>",
							"            <th>deployedOn</th>",
							"        </tr>",
							"        ",
							"        <tr>",
							"            <td>{{response.version}}</td>",
							"            <td>{{response.modelType}}</td>",
							"            <td>{{response.createdBy}}</td>",
							"            <td>{{response.modelId}}</td>",
							"            <td>{{response.modelName}}</td>",
							"            <td>{{response.namespace}}</td>",
							"            <td>{{response.metadata.miningFunction}}</td>",
							"            <td>{{response.metadata.algorithm}}</td>",
							"            {{#each response.links}}",
							"                <td>{{rel}}</td>",
							"                <td>{{href}}</td>",
							"            {{/each}}",
							"            <td>{{response.shared}}</td>",
							"            <td>{{response.uri}}</td>",
							"            <td>{{response.deployedOn}}</td>",
							"        </tr>",
							"    </table>",
							"",
							"<h3 style=\"color:gray\"> Output Attributes </h3>",
							"",
							"   <table class=\"tftable\" border=\"1\">",
							"        <tr>",
							"            <th>metadata.output.name</th>",
							"            <th>metadata.output.attributeType</th>",
							"            <th>metadata.labels</th>",
							"        </tr>",
							"        ",
							"        <tr>",
							"            <td>{{response.metadata.output.name}}</td>",
							"            <td>{{response.metadata.output.attributeType}}</td>",
							"            <td>{{response.metadata.labels}}</td>",
							"        </tr>",
							"    </table>",
							"",
							"<h3 style=\"color:gray\"> Input Attributes </h3>",
							"",
							"    <table class=\"tftable\" border=\"1\">",
							"        <tr>",
							"            <th>metadata.attributes.name</th>",
							"            <th>metadata.attributeType</th>",
							"        </tr>",
							"        ",
							"        <tr>",
							"        {{#each response.metadata.attributes}}",
							"            <td>{{name}}</td>",
							"            <td>{{attributeType}}</td>",
							"            </tr>",
							"        {{/each}}",
							"    </table>",
							"",
							"`;",
							"",
							"pm.visualizer.set(template, {",
							"    response: pm.response.json()",
							"});"
						],
						"type": "text/javascript"
					}
				}
			],
			"protocolProfileBehavior": {
				"disableBodyPruning": true
			},
			"request": {
				"auth": {
					"type": "bearer",
					"bearer": [
						{
							"key": "token",
							"value": "{{Token}}",
							"type": "string"
						}
					]
				},
				"method": "GET",
				"header": [],
				"body": {
					"mode": "raw",
					"raw": ""
				},
				"url": {
					"raw": "{{omlserver}}/omlmod/v1/deployment/{{omlModelURI}}",
					"host": [
						"{{omlserver}}"
					],
					"path": [
						"omlmod",
						"v1",
						"deployment",
						"{{omlModelURI}}"
					]
				},
				"description": "# Gets the details of the endpoint identified by the uri. Only shared endpoints and endpoints created by the caller are visible to the caller. The details include the model metadata along with other descriptive information."
			},
			"response": []
		},
		{
			"name": "List All Model deployments",
			"event": [
				{
					"listen": "test",
					"script": {
						"exec": [
							"var template = `",
							"    <style type=\"text/css\">",
							"        .tftable {font-size:14px;color:#333333;width:100%;border-width: 1px;border-color: #87ceeb;border-collapse: collapse;}",
							"        .tftable th {font-size:18px;background-color:#87ceeb;border-width: 1px;padding: 8px;border-style: solid;border-color: #87ceeb;text-align:left;}",
							"        .tftable tr {background-color:#ffffff;}",
							"        .tftable td {font-size:14px;border-width: 1px;padding: 8px;border-style: solid;border-color: #87ceeb;}",
							"        .tftable tr:hover {background-color:#e0ffff;}",
							"    </style>",
							"    ",
							"    <table class=\"tftable\" border=\"1\">",
							"        <tr>",
							"            <th>version</th>",
							"            <th>modelType</th>",
							"            <th>createdBy</th>",
							"            <th>modelId</th>",
							"            <th>modelName</th>",
							"            <th>namespace</th>",
							"            <th>shared</th>",
							"            <th>uri</th>",
							"            <th>deployedOn</th>",
							"            <th>links.rel</th>",
							"            <th>links.href</th>",
							"        </tr>",
							"        ",
							"        {{#each response.items}}",
							"            <tr id=row_{{@key}} onClick=\"handleClick(this.id)\">",
							"                <td id={{@key}}>{{version}}</td>",
							"                <td>{{modelType}}</td>",
							"                <td>{{createdBy}}</td>",
							"                <td>{{modelId}}</td>",
							"                <td>{{modelName}}</td>",
							"                <td>{{namespace}}</td>",
							"                <td>{{shared}}</td>",
							"                <td>{{uri}}</td>                ",
							"                <td>{{deployedOn}}</td>",
							"                {{#each links}}",
							"                   <td>{{rel}}</td>",
							"                   <td>{{href}}</td>",
							"                {{/each}}",
							"            </tr>",
							"        {{/each}}",
							"    </table>",
							"`;",
							"",
							"pm.visualizer.set(template, {",
							"    response: pm.response.json()",
							"});"
						],
						"type": "text/javascript"
					}
				}
			],
			"protocolProfileBehavior": {
				"disableBodyPruning": true
			},
			"request": {
				"auth": {
					"type": "bearer",
					"bearer": [
						{
							"key": "token",
							"value": "{{Token}}",
							"type": "string"
						}
					]
				},
				"method": "GET",
				"header": [],
				"body": {
					"mode": "raw",
					"raw": ""
				},
				"url": {
					"raw": "{{omlserver}}/omlmod/v1/deployment",
					"host": [
						"{{omlserver}}"
					],
					"path": [
						"omlmod",
						"v1",
						"deployment"
					]
				},
				"description": "# Get the list of models that are visible to the caller and that satisfy the optional modelName, version, and namespace parameters. Only shared models and models created by the caller are visible to the caller. This method does NOT return the model content or metadata."
			},
			"response": []
		},
		{
			"name": "Score model(Single Classification)",
			"event": [
				{
					"listen": "test",
					"script": {
						"exec": [
							"var template = `",
							"<style type=\"text/css\">",
							".tftable {font-size:14px;color:#333333;width:100%;border-width: 1px;border-color: #87ceeb;border-collapse: collapse;}",
							".tftable th {font-size:18px;background-color:#87ceeb;border-width: 1px;padding: 8px;border-style: solid;border-color: #87ceeb;text-align:left;}",
							".tftable tr {background-color:#ffffff;}",
							".tftable td {font-size:14px;border-width: 1px;padding: 8px;border-style: solid;border-color: #87ceeb;}",
							".tftable tr:hover {background-color:#e0ffff;}",
							"</style>",
							"",
							"<h3 style=\"color:gray\"> Scoring Results </h3>",
							"",
							"{{#each response.scoringResults}}",
							"<table class=\"tftable\" border=\"1\">",
							"<tr>",
							"<th>label</th>",
							"<th>probability</th>",
							"</tr>",
							"{{#each classifications}}",
							"<tr>",
							"<td>{{label}}</td>",
							"<td>{{probability}}</td>",
							"</tr>",
							"{{/each}}",
							"</table>",
							"{{/each}}",
							"",
							"`;",
							"",
							"pm.visualizer.set(template, {",
							"response: pm.response.json()",
							"});"
						],
						"type": "text/javascript"
					}
				}
			],
			"request": {
				"auth": {
					"type": "bearer",
					"bearer": [
						{
							"key": "token",
							"value": "{{Token}}",
							"type": "string"
						}
					]
				},
				"method": "POST",
				"header": [
					{
						"key": "Content-Type",
						"name": "Content-Type",
						"value": "application/json",
						"type": "text"
					}
				],
				"body": {
					"mode": "raw",
					"raw": "{\n\t\"inputRecords\": [\n\t\t{\n\t\t\t\"AGE\":41,\n\t\t\t\"BOOKKEEPING_APPLICATION\": 1,\n\t\t\t\"CUST_GENDER\":\"M\",\n\t\t\t\"CUST_MARITAL_STATUS\":\"NeverM\",\n\t\t\t\"EDUCATION\":\"HS-grad\",\n\t\t\t\"HOME_THEATER_PACKAGE\":1,\n\t\t\t\"HOUSEHOLD_SIZE\":\"4\",\n\t\t\t\"OCCUPATION\":\"Crafts\",\n\t\t\t\"YRS_RESIDENCE\":6,\n\t\t\t\"Y_BOX_GAMES\":1\n\t\t}\n\t]\n}",
					"options": {
						"raw": {
							"language": "json"
						}
					}
				},
				"url": {
					"raw": "{{omlserver}}/omlmod/v1/deployment/{{omlModelURI}}/score",
					"host": [
						"{{omlserver}}"
					],
					"path": [
						"omlmod",
						"v1",
						"deployment",
						"{{omlModelURI}}",
						"score"
					]
				}
			},
			"response": []
		},
		{
			"name": "Score model (Two Classifications)",
			"event": [
				{
					"listen": "test",
					"script": {
						"exec": [
							"var template = `",
							"<style type=\"text/css\">",
							".tftable {font-size:14px;color:#333333;width:100%;border-width: 1px;border-color: #87ceeb;border-collapse: collapse;}",
							".tftable th {font-size:18px;background-color:#87ceeb;border-width: 1px;padding: 8px;border-style: solid;border-color: #87ceeb;text-align:left;}",
							".tftable tr {background-color:#ffffff;}",
							".tftable td {font-size:14px;border-width: 1px;padding: 8px;border-style: solid;border-color: #87ceeb;}",
							".tftable tr:hover {background-color:#e0ffff;}",
							"</style>",
							"",
							"<h3 style=\"color:gray\"> Scoring Results </h3>",
							"",
							"{{#each response.scoringResults}}",
							"<a style=\"color:gray\">Customer # {{@key}}</a>",
							"<table class=\"tftable\" border=\"1\">",
							"<tr>",
							"<th>label</th>",
							"<th>probability</th>",
							"</tr>",
							"{{#each classifications}}",
							"<tr>",
							"<td>{{label}}</td>",
							"<td>{{probability}}</td>",
							"</tr>",
							"{{/each}}",
							"</table>",
							"{{/each}}",
							"",
							"`;",
							"",
							"pm.visualizer.set(template, {",
							"response: pm.response.json()",
							"});"
						],
						"type": "text/javascript"
					}
				}
			],
			"request": {
				"auth": {
					"type": "bearer",
					"bearer": [
						{
							"key": "token",
							"value": "{{Token}}",
							"type": "string"
						}
					]
				},
				"method": "POST",
				"header": [
					{
						"key": "Content-Type",
						"name": "Content-Type",
						"type": "text",
						"value": "application/json"
					}
				],
				"body": {
					"mode": "raw",
					"raw": "{\n\t\"inputRecords\": [\n\t\t{\n\t\t\t\"AGE\":41,\n\t\t\t\"BOOKKEEPING_APPLICATION\":1,\n\t\t\t\"CUST_GENDER\":\"M\",\n\t\t\t\"CUST_MARITAL_STATUS\":\"NeverM\",\n\t\t\t\"EDUCATION\":\"HS-grad\",\n\t\t\t\"HOME_THEATER_PACKAGE\":1,\n\t\t\t\"HOUSEHOLD_SIZE\":\"4\",\n\t\t\t\"OCCUPATION\":\"Crafts\",\n\t\t\t\"YRS_RESIDENCE\":6,\n\t\t\t\"Y_BOX_GAMES\":1\n        },\n        {\n\t\t\t\"AGE\":39,\n\t\t\t\"BOOKKEEPING_APPLICATION\":0,\n\t\t\t\"CUST_GENDER\":\"F\",\n\t\t\t\"CUST_MARITAL_STATUS\":\"Married\",\n\t\t\t\"EDUCATION\":\"Masters\",\n\t\t\t\"HOME_THEATER_PACKAGE\":1,\n\t\t\t\"HOUSEHOLD_SIZE\":\"3\",\n\t\t\t\"OCCUPATION\":\"Exec.\",\n\t\t\t\"YRS_RESIDENCE\":6,\n\t\t\t\"Y_BOX_GAMES\":1\n\t\t}\n\t]\n}",
					"options": {
						"raw": {
							"language": "json"
						}
					}
				},
				"url": {
					"raw": "{{omlserver}}/omlmod/v1/deployment/{{omlModelURI}}/score",
					"host": [
						"{{omlserver}}"
					],
					"path": [
						"omlmod",
						"v1",
						"deployment",
						"{{omlModelURI}}",
						"score"
					]
				}
			},
			"response": []
		},
		{
			"name": "Score OML Model (Single Class w Pred Details)",
			"event": [
				{
					"listen": "test",
					"script": {
						"exec": [
							"var template = `",
							"<style type=\"text/css\">",
							".tftable {font-size:14px;color:#333333;width:100%;border-width: 1px;border-color: #87ceeb;border-collapse: collapse;}",
							".tftable th {font-size:18px;background-color:#87ceeb;border-width: 1px;padding: 8px;border-style: solid;border-color: #87ceeb;text-align:left;}",
							".tftable tr {background-color:#ffffff;}",
							".tftable td {font-size:14px;border-width: 1px;padding: 8px;border-style: solid;border-color: #87ceeb;}",
							".tftable tr:hover {background-color:#e0ffff;}",
							"</style>",
							"",
							"<h3 style=\"color:gray\"> Scoring Results </h3>",
							"",
							"<table class=\"tftable\" border=\"1\">",
							"<tr>",
							"<th>label</th>",
							"<th>probability</th>",
							"</tr>",
							"{{#each response.scoringResults}}",
							"{{#each classifications}}",
							"<tr>",
							"<td>{{label}}</td>",
							"<td>{{probability}}</td>",
							"</tr>",
							"{{/each}}",
							"{{/each}}",
							"</table>",
							"",
							"<h3 style=\"color:gray\"> Prediction Details </h3>",
							"",
							"<table class=\"tftable\" border=\"1\">",
							"<tr>",
							"<th>Column Name</th>",
							"<th>weight</th>",
							"</tr>",
							"{{#each response.scoringResults}}",
							"{{#each details}}",
							"<tr>",
							"<td>{{columnName}}</td>",
							"<td>{{weight}}</td>",
							"</tr>",
							"{{/each}}",
							"{{/each}}",
							"</table>",
							"",
							"`;",
							"",
							"pm.visualizer.set(template, {",
							"response: pm.response.json()",
							"});"
						],
						"type": "text/javascript"
					}
				}
			],
			"request": {
				"auth": {
					"type": "bearer",
					"bearer": [
						{
							"key": "token",
							"value": "{{Token}}",
							"type": "string"
						}
					]
				},
				"method": "POST",
				"header": [
					{
						"key": "Content-Type",
						"name": "Content-Type",
						"type": "text",
						"value": "application/json"
					}
				],
				"body": {
					"mode": "raw",
					"raw": "{\n\t\"topNdetails\":5,\n    \"inputRecords\": [\n\t\t{\n\t\t\t\"AGE\":41,\n\t\t\t\"BOOKKEEPING_APPLICATION\": 1,\n\t\t\t\"CUST_GENDER\":\"M\",\n\t\t\t\"CUST_MARITAL_STATUS\":\"NeverM\",\n\t\t\t\"EDUCATION\":\"HS-grad\",\n\t\t\t\"HOME_THEATER_PACKAGE\":1,\n\t\t\t\"HOUSEHOLD_SIZE\":\"4\",\n\t\t\t\"OCCUPATION\":\"Crafts\",\n\t\t\t\"YRS_RESIDENCE\":6,\n\t\t\t\"Y_BOX_GAMES\":1\n\t\t}\n\t]\n}",
					"options": {
						"raw": {
							"language": "json"
						}
					}
				},
				"url": {
					"raw": "{{omlserver}}/omlmod/v1/deployment/{{omlModelURI}}/score",
					"host": [
						"{{omlserver}}"
					],
					"path": [
						"omlmod",
						"v1",
						"deployment",
						"{{omlModelURI}}",
						"score"
					]
				}
			},
			"response": []
		},
		{
			"name": "Score OML Model (Two Class w Pred Details)",
			"event": [
				{
					"listen": "test",
					"script": {
						"exec": [
							"var template = `",
							"<style type=\"text/css\">",
							".tftable {font-size:14px;color:#333333;width:100%;border-width: 1px;border-color: #87ceeb;border-collapse: collapse;}",
							".tftable th {font-size:18px;background-color:#87ceeb;border-width: 1px;padding: 8px;border-style: solid;border-color: #87ceeb;text-align:left;}",
							".tftable tr {background-color:#ffffff;}",
							".tftable td {font-size:14px;border-width: 1px;padding: 8px;border-style: solid;border-color: #87ceeb;}",
							".tftable tr:hover {background-color:#e0ffff;}",
							"</style>",
							"",
							"",
							"",
							"{{#each response.scoringResults}}",
							"<h5 style=\"color:gray\">Customer # {{@key}}</h5>",
							"<h4 style=\"color:gray\"> Scoring Results </h4>",
							"<table class=\"tftable\" border=\"1\">",
							"<tr>",
							"<th>label</th>",
							"<th>probability</th>",
							"</tr>",
							"{{#each classifications}}",
							"<tr>",
							"<td>{{label}}</td>",
							"<td>{{probability}}</td>",
							"</tr>",
							"{{/each}}",
							"</table>",
							"",
							"<h4 style=\"color:gray\"> Prediction Details </h4>",
							"",
							"<table class=\"tftable\" border=\"1\">",
							"<tr>",
							"<th>Column Name</th>",
							"<th>weight</th>",
							"</tr>",
							"{{#each details}}",
							"<tr>",
							"<td>{{columnName}}</td>",
							"<td>{{weight}}</td>",
							"</tr>",
							"{{/each}}",
							"</table>",
							"{{/each}}",
							"",
							"`;",
							"",
							"pm.visualizer.set(template, {",
							"response: pm.response.json()",
							"});"
						],
						"type": "text/javascript"
					}
				}
			],
			"request": {
				"auth": {
					"type": "bearer",
					"bearer": [
						{
							"key": "token",
							"value": "{{Token}}",
							"type": "string"
						}
					]
				},
				"method": "POST",
				"header": [
					{
						"key": "Content-Type",
						"name": "Content-Type",
						"type": "text",
						"value": "application/json"
					}
				],
				"body": {
					"mode": "raw",
					"raw": "{\n\t\"topNdetails\":5,\n    \"inputRecords\": [\n\t\t{\n\t\t\t\"AGE\":41,\n\t\t\t\"BOOKKEEPING_APPLICATION\": 1,\n\t\t\t\"CUST_GENDER\":\"M\",\n\t\t\t\"CUST_MARITAL_STATUS\":\"NeverM\",\n\t\t\t\"EDUCATION\":\"HS-grad\",\n\t\t\t\"HOME_THEATER_PACKAGE\":1,\n\t\t\t\"HOUSEHOLD_SIZE\":\"4\",\n\t\t\t\"OCCUPATION\":\"Crafts\",\n\t\t\t\"YRS_RESIDENCE\":6,\n\t\t\t\"Y_BOX_GAMES\":1\n\t\t},\n        {\n\t\t\t\"AGE\":39,\n\t\t\t\"BOOKKEEPING_APPLICATION\":0,\n\t\t\t\"CUST_GENDER\":\"F\",\n\t\t\t\"CUST_MARITAL_STATUS\":\"Married\",\n\t\t\t\"EDUCATION\":\"Masters\",\n\t\t\t\"HOME_THEATER_PACKAGE\":1,\n\t\t\t\"HOUSEHOLD_SIZE\":\"3\",\n\t\t\t\"OCCUPATION\":\"Exec.\",\n\t\t\t\"YRS_RESIDENCE\":6,\n\t\t\t\"Y_BOX_GAMES\":1\n\t\t}\n\t]\n}",
					"options": {
						"raw": {
							"language": "json"
						}
					}
				},
				"url": {
					"raw": "{{omlserver}}/omlmod/v1/deployment/{{omlModelURI}}/score",
					"host": [
						"{{omlserver}}"
					],
					"path": [
						"omlmod",
						"v1",
						"deployment",
						"{{omlModelURI}}",
						"score"
					]
				}
			},
			"response": []
		}
	],
	"auth": {
		"type": "bearer",
		"bearer": [
			{
				"key": "token",
				"value": "{{token}}",
				"type": "string"
			}
		]
	},
	"event": [
		{
			"listen": "prerequest",
			"script": {
				"type": "text/javascript",
				"exec": [
					""
				]
			}
		},
		{
			"listen": "test",
			"script": {
				"type": "text/javascript",
				"exec": [
					""
				]
			}
		}
	],
	"variable": [
		{
			"key": "omlmodserver",
			"value": "https://138.1.39.21",
			"type": "string"
		},
		{
			"key": "oaaModelName",
			"value": "myOAAModel",
			"type": "string"
		},
		{
			"key": "oaaModelVersion",
			"value": "1.0",
			"type": "string"
		},
		{
			"key": "oaaModelType",
			"value": "OML",
			"type": "string"
		},
		{
			"key": "onnxMLModelName",
			"value": "myOnnxMLModel",
			"type": "string"
		},
		{
			"key": "onnxMLModelVersion",
			"value": "1.0",
			"type": "string"
		},
		{
			"key": "onnxImageModelName",
			"value": "myOnnxImageModel",
			"type": "string"
		},
		{
			"key": "onnxImageModelVersion",
			"value": "1.0",
			"type": "string"
		},
		{
			"key": "oaaDeployURI",
			"value": "myOMLModel",
			"type": "string"
		}
	]
}