{
	"id": "38323486-8fd0-4d0d-8391-e6de000a7d22",
	"name": "WS myenv",
	"values": [
		{
			"key": "omlserver",
			"value": "",
			"enabled": true
		},
		{
			"key": "tenant",
			"value": "",
			"enabled": true
		},
		{
			"key": "database",
			"value": "",
			"enabled": true
		},
		{
			"key": "username",
			"value": "",
			"enabled": true
		},
		{
			"key": "password",
			"value": "",
			"enabled": true
		},
		{
			"key": "Token",
			"value": "",
			"enabled": true
		},
		{
			"key": "omlModelURI",
			"value": "",
			"enabled": true
		}
	],
	"_postman_variable_scope": "environment",
	"_postman_exported_at": "2021-05-25T12:13:47.294Z",
	"_postman_exported_using": "Postman/8.5.0-210521-1115"
}