{
	"info": {
		"_postman_id": "5cc21c2b-9a12-4e9e-8e16-f5bb53deb45d",
		"name": "WS Token",
		"schema": "https://schema.getpostman.com/json/collection/v2.1.0/collection.json"
	},
	"item": [
		{
			"name": "Get user token",
			"event": [
				{
					"listen": "test",
					"script": {
						"exec": [
							"var jsonData = JSON.parse(responseBody);",
							"postman.setEnvironmentVariable(\"Token\",jsonData.accessToken);"
						],
						"type": "text/javascript"
					}
				}
			],
			"request": {
				"method": "POST",
				"header": [],
				"body": {
					"mode": "raw",
					"raw": "{\n    \"grant_type\":\"password\",\n    \"username\":\"{{username}}\",\n    \"password\":\"{{password}}\"\n}",
					"options": {
						"raw": {
							"language": "json"
						}
					}
				},
				"url": {
					"raw": "{{omlserver}}/omlusers/tenants/{{tenant}}/databases/{{database}}/api/oauth2/v1/token",
					"host": [
						"{{omlserver}}"
					],
					"path": [
						"omlusers",
						"tenants",
						"{{tenant}}",
						"databases",
						"{{database}}",
						"api",
						"oauth2",
						"v1",
						"token"
					]
				}
			},
			"response": []
		}
	]
}